{
    "accuracy": [
        0.6521936058998108,
        0.836423933506012,
        0.9294437170028687,
        0.9549223780632019,
        0.9644203186035156,
        0.9669832587242126,
        0.9758781790733337,
        0.9808533191680908,
        0.9886928796768188,
        0.9853761792182922,
        0.9829639792442322,
        0.9862807393074036
    ],
    "loss": [
        0.624112606048584,
        0.35900548100471497,
        0.18497170507907867,
        0.12684433162212372,
        0.09656839817762375,
        0.08761489391326904,
        0.07374760508537292,
        0.05672840029001236,
        0.03775766119360924,
        0.04641251638531685,
        0.05145582929253578,
        0.04402076080441475
    ],
    "val_accuracy": [
        0.5538461804389954,
        0.8139860033988953,
        0.9300699234008789,
        0.9748252034187317,
        0.9762237668037415,
        0.9902098178863525,
        0.9930070042610168,
        0.9930070042610168,
        0.9930070042610168,
        1.0,
        0.9930070042610168,
        0.9958041906356812
    ],
    "val_loss": [
        0.6530266404151917,
        0.3387983739376068,
        0.1614006757736206,
        0.06556027382612228,
        0.05607813969254494,
        0.05025837942957878,
        0.03397680073976517,
        0.033051397651433945,
        0.023637257516384125,
        0.008930477313697338,
        0.02316007763147354,
        0.018014732748270035
    ]
}